{
  "encoder_n_layers": 4,
  "lr": 0.00810235620776667,
  "scaler": "standard",
  "input_size": 48,
  "encoder_dropout": 0.15124912473305255,
  "encoder_hidden_size": 32
}