{
  "encoder_n_layers": 4,
  "lr": 0.009935847986580397,
  "scaler": "standard",
  "input_size": 72,
  "encoder_dropout": 0.1783600983838912,
  "encoder_hidden_size": 96
}