{
  "hidden_size": 256,
  "lr": 0.00012805619880838437,
  "dropout": 0.3909746453167796,
  "scaler": "standard",
  "input_size": 48,
  "attn_dropout": 0.23741722478639418
}